{
  "IcoMoonType": "selection",
  "icons": [
    {
      "icon": {
        "paths": [
          "M1024.392 512.196c0 282.878-229.318 512.196-512.196 512.196s-512.196-229.318-512.196-512.196c0-282.878 229.318-512.196 512.196-512.196s512.196 229.318 512.196 512.196z",
          "M1003.050 512.196c0 271.091-219.763 490.854-490.854 490.854s-490.854-219.763-490.854-490.854c0-271.091 219.763-490.854 490.854-490.854s490.854 219.763 490.854 490.854z",
          "M682.928 375.866l-34.402-34.402-136.329 136.329-136.329-136.329-34.402 34.402 136.329 136.329-136.329 136.329 34.402 34.402 136.329-136.329 136.329 136.329 34.402-34.402-136.329-136.329 136.329-136.329z"
        ],
        "attrs": [
          {
            "fill": "rgb(231, 233, 252)"
          },
          {
            "fill": "none",
            "stroke": "rgb(0, 0, 0)",
            "strokeLinejoin": "miter",
            "strokeLinecap": "butt",
            "strokeMiterlimit": "4",
            "strokeWidth": 42.666666666666664
          },
          {
            "fill": "rgb(46, 47, 66)"
          }
        ],
        "isMulticolor": true,
        "isMulticolor2": true,
        "grid": 0,
        "tags": [
          "close"
        ],
        "colorPermutations": {
          "123123325214647661": [
            {
              "f": 2
            },
            {
              "s": 0
            },
            {
              "f": 1
            }
          ]
        }
      },
      "attrs": [
        {
          "fill": "rgb(231, 233, 252)"
        },
        {
          "fill": "none",
          "stroke": "rgb(0, 0, 0)",
          "strokeLinejoin": "miter",
          "strokeLinecap": "butt",
          "strokeMiterlimit": "4",
          "strokeWidth": 42.666666666666664
        },
        {
          "fill": "rgb(46, 47, 66)"
        }
      ],
      "properties": {
        "order": 10,
        "id": 0,
        "name": "close",
        "prevSize": 32
      },
      "setIdx": 0,
      "setId": 7,
      "iconIdx": 0
    }
  ],
  "height": 1024,
  "preferences": {
    "showGlyphs": true,
    "showQuickUse": true,
    "showQuickUse2": true,
    "showSVGs": true,
    "fontPref": {
      "prefix": "icon-",
      "metadata": {
        "fontFamily": "icomoon"
      },
      "metrics": {
        "emSize": 1024,
        "baseline": 6.25,
        "whitespace": 50
      },
      "embed": false
    },
    "imagePref": {
      "prefix": "icon-",
      "png": true,
      "useClassSelector": true,
      "color": 0,
      "bgColor": 16777215,
      "classSelector": ".icon",
      "name": "icomoon"
    },
    "historySize": 50,
    "showCodes": true,
    "gridSize": 16
  }
}